{"Version":2,"SourceFileDate":132439948316472379,"Flags":["FL_BITMAP_COMPRESSION","FL_BITMAP_MIPMAP","FL_BITMAP_QUALITY_HIGH","FL_BITMAP_PRECOMPUTED_INV_AVG"],"InvAvgColor":[2.9206860065460205,3.4502887725830078,26.701372146606445]}