{"Version":2,"SourceFileDate":132399197780000000,"Flags":["FL_BITMAP_COMPRESSION","FL_BITMAP_MIPMAP","FL_BITMAP_QUALITY_HIGH","FL_BITMAP_PRECOMPUTED_INV_AVG"],"InvAvgColor":[22.868024826049805,24.562917709350586,25.949882507324219]}